K,Precision,Recall,F1-Score
5,0.068,0.040168425492796214,0.036597924008595496
10,0.054,0.061650885834879744,0.04104753054123608
20,0.0455,0.0929508845944214,0.04483339133705382
