K,Precision,Recall,F1-Score
5,0.0728,0.03405736603730711,0.03582754909418386
10,0.05940000000000001,0.049884152032281276,0.041203034314060784
20,0.046299999999999994,0.07985054501842712,0.04307785778022095
