Algorithm,Precision@10,Recall@10,F1-Score@10,Coverage,Diversity,Novelty,Num_Users_Evaluated
CF,0.0,0.0,0.0,0.12268188302425106,0.8981183056878517,9.970378791549523,100
CBF,0.0,0.0,0.0,0.1398002853067047,0.41686583297079793,13.678069703461734,97
SVD,0.0,0.0,0.0,0.00903471231573942,0.9508930500635807,9.29941873704165,100
HYBRID,0.0,0.0,0.0,0.10651450309082264,0.8090887247210232,10.405624627418309,100
