rmse,mae,cv_rmse_mean,cv_rmse_std,cv_mae_mean,cv_mae_std
0.2718258999117651,0.20265256293801412,0.2704501923415708,0.0005516003330040535,0.20154660235118876,0.00023847086313799983
